"FISName","Skier","ID","Nation","StartOrder","Bib","Is_Host_Nation","In_Startlist","Rank","Year","Jump","Points","JumpRank","Time","TimeDiff","Elo","Individual_Elo","Sprint_Elo","MassStart_Elo","IndividualCompact_Elo","Race_Elo","Race1_Prob","City","Country","Race_Type","Race_Date","Sex"
"LAMPARTER Johannes","Johannes Lamparter",1469,"AUT",NA,36,"False","True",NA,2001,NA,NA,NA,NA,NA,1844.92311021979,1810.28474884934,1264.85459604425,1533.4002256957,1558.376764384,1810.28474884934,1,"Milano Cortina","Italy","Individual","02/17/2026","M"
"OFTEBRO Jens Luraas","Jens Lurås Oftebro",1329,"NOR",NA,35,"False","True",NA,2000,NA,NA,NA,NA,NA,1784.06033960815,1794.09326667876,1264.85459604425,1448.11525867898,1526.6388129855,1794.09326667876,1,"Milano Cortina","Italy","Individual","02/17/2026","M"
"RETTENEGGER Stefan","Stefan Rettenegger",1775,"AUT",NA,32,"False","True",NA,2002,NA,NA,NA,NA,NA,1746.92028644987,1730.16460846484,1264.85459604425,1478.02895398486,1507.14782299807,1730.16460846484,1,"Milano Cortina","Italy","Individual","02/17/2026","M"
"HEROLA Ilkka","Ilkka Herola",97,"FIN",NA,30,"False","True",NA,1995,NA,NA,NA,NA,NA,1731.66900447915,1726.99573298625,1264.85459604425,1488.12631319932,1495.23901093493,1726.99573298625,1,"Milano Cortina","Italy","Individual","02/17/2026","M"
"SCHMID Julian","Julian Schmid",1348,"GER",NA,34,"False","True",NA,1999,NA,NA,NA,NA,NA,1733.00029673735,1718.82034374883,1264.85459604425,1501.19401195001,1502.69306892161,1718.82034374883,1,"Milano Cortina","Italy","Individual","02/17/2026","M"
"RYDZEK Johannes","Johannes Rydzek",14,"GER",NA,29,"False","True",NA,1991,NA,NA,NA,NA,NA,1709.67821158734,1703.25670338226,1270.73671962807,1460.95778212525,1515.34168281394,1703.25670338226,1,"Milano Cortina","Italy","Individual","02/17/2026","M"
"GEIGER Vinzenz","Vinzenz Geiger",1182,"GER",NA,28,"False","True",NA,1997,NA,NA,NA,NA,NA,1731.38721298429,1692.01437621877,1264.85459604425,1464.71118199752,1521.64168806737,1692.01437621877,1,"Milano Cortina","Italy","Individual","02/17/2026","M"
"RETTENEGGER Thomas","Thomas Rettenegger",1467,"AUT",NA,31,"False","True",NA,2000,NA,NA,NA,NA,NA,1694.84404048137,1672.36623819781,1300,1472.66408131766,1463.28291115755,1672.36623819781,1,"Milano Cortina","Italy","Individual","02/17/2026","M"
"OFTEBRO Einar Luraas","Einar Lurås Oftebro",1217,"NOR",NA,33,"False","True",NA,1998,NA,NA,NA,NA,NA,1660.53997884275,1643.87716179711,1300,1366.92618401018,1453.61649751632,1643.87716179711,1,"Milano Cortina","Italy","Individual","02/17/2026","M"
"ILVES Kristjan","Kristjan Ilves",403,"EST",NA,26,"False","True",NA,1996,NA,NA,NA,NA,NA,1654.00323594368,1632.08624033938,1264.85459604425,1453.8306279855,1495.52255209193,1632.08624033938,1,"Milano Cortina","Italy","Individual","02/17/2026","M"
"SKOGLUND Andreas","Andreas Skoglund",1449,"NOR",NA,27,"False","True",NA,2001,NA,NA,NA,NA,NA,1593.64973055443,1587.74326496542,1264.85459604425,1351.23503123661,1418.41496631765,1587.74326496542,1,"Milano Cortina","Italy","Individual","02/17/2026","M"
"HIRVONEN Eero","Eero Hirvonen",1155,"FIN",NA,25,"False","True",NA,1996,NA,NA,NA,NA,NA,1556.92956738219,1568.38466385543,1264.85459604425,1374.58867166657,1413.98279823444,1568.38466385543,1,"Milano Cortina","Italy","Individual","02/17/2026","M"
"COSTA Samuel","Samuel Costa",84,"ITA",NA,24,"False","True",NA,1992,NA,NA,NA,NA,NA,1482.3100315186,1481.80717250078,1300,1311.00712128554,1361.53565281449,1481.80717250078,1,"Milano Cortina","Italy","Individual","02/17/2026","M"
"YAMAMOTO Ryota","Ryota Yamamoto",1154,"JPN",NA,23,"False","True",NA,1997,NA,NA,NA,NA,NA,1432.17042024444,1449.0193355469,1264.85459604425,1390.50336869257,1325.46980647328,1449.0193355469,1,"Milano Cortina","Italy","Individual","02/17/2026","M"
"MALACINSKI Niklas","Niklas Malacinski",1429,"USA",NA,22,"False","True",NA,2003,NA,NA,NA,NA,NA,1408.02543753581,1407.81300996014,1300,1313.28163159737,1321.37187177039,1407.81300996014,1,"Milano Cortina","Italy","Individual","02/17/2026","M"
"WATABE Akito","Akito Watabe",3,"JPN",NA,21,"False","True",NA,1988,NA,NA,NA,NA,NA,1434.21920333265,1404.80241816002,1295.97599663389,1375.48943641373,1332.44390635043,1404.80241816002,1,"Milano Cortina","Italy","Individual","02/17/2026","M"
"KOSTNER Aaron","Aaron Kostner",1193,"ITA",NA,17,"False","True",NA,1999,NA,NA,NA,NA,NA,1358.83875235785,1379.68917367311,1264.85459604425,1263.26632875316,1300.16872576014,1379.68917367311,1,"Milano Cortina","Italy","Individual","02/17/2026","M"
"MUHLETHALER Laurent","Laurent Muhlethaler",1146,"FRA",NA,20,"False","True",NA,1997,NA,NA,NA,NA,NA,1392.55758286242,1366.37900157682,1264.85459604425,1363.92870728034,1328.29397288512,1366.37900157682,1,"Milano Cortina","Italy","Individual","02/17/2026","M"
"LOOMIS Benjamin","Ben Loomis",1179,"USA",NA,16,"False","True",NA,1998,NA,NA,NA,NA,NA,1342.21624701095,1319.42201633142,1264.85459604425,1262.56640313691,1318.07396367676,1319.42201633142,1,"Milano Cortina","Italy","Individual","02/17/2026","M"
"HEINIS Marco","Marco Heinis",1903,"FRA",NA,19,"False","True",NA,2003,NA,NA,NA,NA,NA,1286.83675611931,1287.2244353899,1264.85459604425,1292.8140059491,1208.18182844022,1287.2244353899,1,"Milano Cortina","Italy","Individual","02/17/2026","M"
"PITTIN Alessandro","Alessandro Pittin",8,"ITA",NA,13,"False","True",NA,1990,NA,NA,NA,NA,NA,1297.66092111416,1280.54939782824,1288.05932845801,1269.35418677367,1299.25531207156,1280.54939782824,1,"Milano Cortina","Italy","Individual","02/17/2026","M"
"TYRODE Mael","Mael Tyrode",1318,"FRA",NA,11,"False","True",NA,2000,NA,NA,NA,NA,NA,1257.77066041674,1274.84084764954,1300,1266.78860181115,1251.68750844767,1274.84084764954,1,"Milano Cortina","Italy","Individual","02/17/2026","M"
"VYTRVAL Jan","Jan Vytrval",1239,"CZE",NA,18,"False","True",NA,1998,NA,NA,NA,NA,NA,1315.03303246629,1273.5913582981,1264.85459604425,1284.81208752019,1289.11043884615,1273.5913582981,1,"Milano Cortina","Italy","Individual","02/17/2026","M"
"VRHOVNIK Vid","Vid Vrhovnik",1196,"SLO",NA,14,"False","True",NA,1999,NA,NA,NA,NA,NA,1274.08850822821,1268.66374939708,1264.85459604425,1271.68668417731,1238.48101303577,1268.66374939708,1,"Milano Cortina","Italy","Individual","02/17/2026","M"
"KRZEMPEK Milosz","Milosz Krzempek",2360,"POL",NA,4,"False","True",NA,2003,NA,NA,NA,NA,NA,1280.10153762777,1265.17435266973,1264.85459604425,1290.89855269254,1248.62265437136,1265.17435266973,1,"Milano Cortina","Italy","Individual","02/17/2026","M"
"YACHI Sora","Sora Yachi",1774,"JPN",NA,12,"False","True",NA,2000,NA,NA,NA,NA,NA,1233.77271882526,1264.55185095098,1264.85459604425,1225.34768820334,1254.06197195412,1264.55185095098,1,"Milano Cortina","Italy","Individual","02/17/2026","M"
"KONVALINKA Jiri","Jiri Konvalinka",2037,"CZE",NA,15,"False","True",NA,2004,NA,NA,NA,NA,NA,1235.53277519317,1261.82804041726,1264.85459604425,1241.43681391368,1231.00862388827,1261.82804041726,1,"Milano Cortina","Italy","Individual","02/17/2026","M"
"KARHUMAA Wille","Wille Karhumaa",1250,"FIN",NA,10,"False","True",NA,2000,NA,NA,NA,NA,NA,1211.99729713379,1252.25794030585,1300,1204.2463491508,1197.98049514105,1252.25794030585,1,"Milano Cortina","Italy","Individual","02/17/2026","M"
"JARZABEK Kacper","Kacper Jarzabek",2391,"POL",NA,7,"False","True",NA,2006,NA,NA,NA,NA,NA,1245.98064439429,1235.39114045374,1300,1299.46620140802,1277.81970777033,1235.39114045374,1,"Milano Cortina","Italy","Individual","02/17/2026","M"
"TEDER Ruubert","Ruubert Teder",2526,"EST",NA,1,"False","True",NA,2009,NA,NA,NA,NA,NA,1202.88145862138,1221.45676000616,1264.85459604425,1275.61287472344,1246.84700762392,1221.45676000616,1,"Milano Cortina","Italy","Individual","02/17/2026","M"
"ZHAO Zihe","Zihe Zhao",1704,"CHN",NA,2,"False","True",NA,2000,NA,NA,NA,NA,NA,1152.09545016726,1171.13336217137,1300,1249.85994332219,1272.04079067045,1171.13336217137,1,"Milano Cortina","Italy","Individual","02/17/2026","M"
"ZHAO Jiawen","Jiawen Zhao",1705,"CHN",NA,8,"False","True",NA,2001,NA,NA,NA,NA,NA,1113.30674235216,1145.78931558456,1300,1224.09959335995,1194.65788900412,1145.78931558456,1,"Milano Cortina","Italy","Individual","02/17/2026","M"
"MAZURCHUK Dmytro","Dmytro Mazurchuk",1197,"UKR",NA,3,"False","True",NA,1999,NA,NA,NA,NA,NA,1118.93766912527,1134.8152796684,1300,1190.73062469581,1192.54022067204,1134.8152796684,1,"Milano Cortina","Italy","Individual","02/17/2026","M"
"BRECL Gasper","Gašper Brecl",1295,"SLO",NA,9,"False","True",NA,1999,NA,NA,NA,NA,NA,1092.80947566503,1084.23979794611,1264.85459604425,1197.30701123554,1122.71800055703,1084.23979794611,1,"Milano Cortina","Italy","Individual","02/17/2026","M"
"SHUMBARETS Oleksandr","Oleksandr Shumbarets",1478,"UKR",NA,6,"False","True",NA,2001,NA,NA,NA,NA,NA,1064.31261422097,1069.94238373453,1300,1232.1009230205,1178.32856599613,1069.94238373453,1,"Milano Cortina","Italy","Individual","02/17/2026","M"
"RAKPAROV Chingiz","Chingiz Rakparov",1170,"KAZ",NA,5,"False","True",NA,1995,NA,NA,NA,NA,NA,1066.82170699371,1068.18975606455,1300,1179.51244133407,1210.81579250688,1068.18975606455,1,"Milano Cortina","Italy","Individual","02/17/2026","M"
"Wendelin Thannheimer","Wendelin Thannheimer",1461,"Germany",999,999,"False","False",NA,NA,NA,NA,NA,NA,NA,1626.40375894242,1604.2119881075,1300,1419.33212157463,1433.46985201433,1604.2119881075,0,"Milano Cortina","Italy","Individual","02/17/2026","M"
"Franz-Josef Rehrl","Franz-Josef Rehrl",72,"Austria",999,999,"False","False",NA,NA,NA,NA,NA,NA,NA,1517.95882668212,1555.82721316727,1264.85459604425,1437.04839165159,1359.53036519605,1555.82721316727,0,"Milano Cortina","Italy","Individual","02/17/2026","M"
"Martin Fritz","Martin Fritz",1090,"Austria",999,999,"False","False",NA,NA,NA,NA,NA,NA,NA,1566.57070348745,1537.61407683322,1264.85459604425,1448.78358985888,1416.08683816808,1537.61407683322,0,"Milano Cortina","Italy","Individual","02/17/2026","M"
"Lukas Greiderer","Lukas Greiderer",1088,"Austria",999,999,"False","False",NA,NA,NA,NA,NA,NA,NA,1579.90301645133,1535.1579195461,1264.85459604425,1399.22784910125,1421.97882977196,1535.1579195461,0,"Milano Cortina","Italy","Individual","02/17/2026","M"
"Fabio Obermeyr","Fabio Obermeyr",1777,"Austria",999,999,"False","False",NA,NA,NA,NA,NA,NA,NA,1524.3716510814,1520.63060004524,1300,1339.26056483626,1383.96077877778,1520.63060004524,0,"Milano Cortina","Italy","Individual","02/17/2026","M"
"Manuel Faißt","Manuel Faißt",36,"Germany",999,999,"False","False",NA,NA,NA,NA,NA,NA,NA,1516.72904261484,1507.42280370235,1299.34416881614,1454.19361107495,1393.4806969638,1507.42280370235,0,"Milano Cortina","Italy","Individual","02/17/2026","M"
"Richard Stenzel","Richard Stenzel",2351,"Germany",999,999,"False","False",NA,NA,NA,NA,NA,NA,NA,1489.9975285449,1483.32923586198,1300,1353.21520356037,1306.91461655689,1483.32923586198,0,"Milano Cortina","Italy","Individual","02/17/2026","M"
"David Mach","David Mach",1468,"Germany",999,999,"False","False",NA,NA,NA,NA,NA,NA,NA,1499.63494794888,1455.39932044386,1300,1368.89380751259,1422.86501401642,1455.39932044386,0,"Milano Cortina","Italy","Individual","02/17/2026","M"
"Terence Weber","Terence Weber",1137,"Germany",999,999,"False","False",NA,NA,NA,NA,NA,NA,NA,1462.18931397273,1439.6830824191,1300,1385.13797687883,1416.7628448729,1439.6830824191,0,"Milano Cortina","Italy","Individual","02/17/2026","M"
"Simon Mach","Simon Mach",1981,"Germany",999,999,"False","False",NA,NA,NA,NA,NA,NA,NA,1399.1888399046,1427.26541690083,1300,1312.7259508511,1273.45589602734,1427.26541690083,0,"Milano Cortina","Italy","Individual","02/17/2026","M"
"Paul Walcher","Paul Walcher",1988,"Austria",999,999,"False","False",NA,NA,NA,NA,NA,NA,NA,1419.54422682089,1406.04096990517,1264.85459604425,1328.88897649471,1303.38688005763,1406.04096990517,0,"Milano Cortina","Italy","Individual","02/17/2026","M"
"Espen Andersen","Espen Andersen",345,"Norway",999,999,"False","False",NA,NA,NA,NA,NA,NA,NA,1363.83958234626,1404.26725522821,1300,1298.15304154153,1291.753069687,1404.26725522821,0,"Milano Cortina","Italy","Individual","02/17/2026","M"
"Aleksander Skoglund","Aleksander Skoglund",1220,"Norway",999,999,"False","False",NA,NA,NA,NA,NA,NA,NA,1428.97966236543,1402.55828614758,1300,1318.70073615647,1367.62383379096,1402.55828614758,0,"Milano Cortina","Italy","Individual","02/17/2026","M"
"Mario Seidl","Mario Seidl",88,"Austria",999,999,"False","False",NA,NA,NA,NA,NA,NA,NA,1349.69194539437,1398.06128995873,1295.95462509396,1358.5572432304,1253.3190979355,1398.06128995873,0,"Milano Cortina","Italy","Individual","02/17/2026","M"
"Simen Tiller","Simen Tiller",370,"Norway",999,999,"False","False",NA,NA,NA,NA,NA,NA,NA,1347.9782106008,1386.54747662756,1264.85459604425,1268.56018284298,1288.79718943895,1386.54747662756,0,"Milano Cortina","Italy","Individual","02/17/2026","M"
"Florian Kolb","Florian Kolb",1982,"Austria",999,999,"False","False",NA,NA,NA,NA,NA,NA,NA,1381.21539917993,1370.45030383152,1300,1317.20472964939,1300.21232573295,1370.45030383152,0,"Milano Cortina","Italy","Individual","02/17/2026","M"
"Eidar Johan Strøm","Eidar Johan Strøm",2344,"Norway",999,999,"False","False",NA,NA,NA,NA,NA,NA,NA,1393.7669649913,1370.00400688583,1300,1343.09236936623,1287.55160868869,1370.00400688583,0,"Milano Cortina","Italy","Individual","02/17/2026","M"
"Per Einar Skjæret Strømhaug","Per Einar Skjæret Strømhaug",1699,"Norway",999,999,"False","False",NA,NA,NA,NA,NA,NA,NA,1310.50808424683,1331.22721022431,1300,1285.35223381024,1286.72767571271,1331.22721022431,0,"Milano Cortina","Italy","Individual","02/17/2026","M"
"Andreas Gfrerer","Andreas Gfrerer",2378,"Austria",999,999,"False","False",NA,NA,NA,NA,NA,NA,NA,1335.26769587528,1321.37202363263,1300,1307.62818662289,1291.8718432371,1321.37202363263,0,"Milano Cortina","Italy","Individual","02/17/2026","M"
"Jonathan Gräbert","Jonathan Gräbert",2421,"Germany",999,999,"False","False",NA,NA,NA,NA,NA,NA,NA,1301.87376670942,1319.92003812708,1300,1287.56553011635,1273.938596249,1319.92003812708,0,"Milano Cortina","Italy","Individual","02/17/2026","M"
"Atsushi Narita","Atsushi Narita",2388,"Japan",999,999,"False","False",NA,NA,NA,NA,NA,NA,NA,1277.76302352265,1301.17754701521,1264.85459604425,1280.23893671297,1283.39648818646,1301.17754701521,0,"Milano Cortina","Italy","Individual","02/17/2026","M"
"David Thuer","David Thuer",2432,"Austria",999,999,"False","False",NA,NA,NA,NA,NA,NA,NA,1306.26347012121,1299.18366520306,1300,1296.39489519402,1310.66486109586,1299.18366520306,0,"Milano Cortina","Italy","Individual","02/17/2026","M"
"Timon Brglez","Timon Brglez",2506,"Slovenia",999,999,"False","False",NA,NA,NA,NA,NA,NA,NA,1302.48877539586,1296.50238700304,1300,1298.23617993349,1261.05936920979,1296.50238700304,0,"Milano Cortina","Italy","Individual","02/17/2026","M"
"Kasper Moen Flatla","Kasper Moen Flatla",1230,"Norway",999,999,"False","False",NA,NA,NA,NA,NA,NA,NA,1302.73251821632,1294.99347760801,1300,1300.56032792653,1325.64312301555,1294.99347760801,0,"Milano Cortina","Italy","Individual","02/17/2026","M"
"Simon Pagnier","Simon Pagnier",2463,"France",999,999,"False","False",NA,NA,NA,NA,NA,NA,NA,1255.13745393476,1294.05020524978,1300,1298.45640543293,1282.32851025206,1294.05020524978,0,"Milano Cortina","Italy","Individual","02/17/2026","M"
"Matteo Baud","Matteo Baud",1765,"France",999,999,"False","False",NA,NA,NA,NA,NA,NA,NA,1289.25110632006,1293.47325028921,1264.85459604425,1312.97139130247,1272.3964617653,1293.47325028921,0,"Milano Cortina","Italy","Individual","02/17/2026","M"
"Torje Seljeset","Torje Seljeset",2399,"Norway",999,999,"False","False",NA,NA,NA,NA,NA,NA,NA,1294.23631800651,1292.17663566252,1300,1292.53148617725,1340.24503551822,1292.17663566252,0,"Milano Cortina","Italy","Individual","02/17/2026","M"
"Lukas Mühlbacher","Lukas Mühlbacher",2429,"Austria",999,999,"False","False",NA,NA,NA,NA,NA,NA,NA,1279.89161262836,1279.52091883686,1300,1274.61522621778,1291.42851025206,1279.52091883686,0,"Milano Cortina","Italy","Individual","02/17/2026","M"
"Tobias Aichhorn","Tobias Aichhorn",2439,"Austria",999,999,"False","False",NA,NA,NA,NA,NA,NA,NA,1240.34478532878,1279.05714025817,1300,1297.92491756881,1284.60351025206,1279.05714025817,0,"Milano Cortina","Italy","Individual","02/17/2026","M"
"Mario Linner","Mario Linner",2492,"Germany",999,999,"False","False",NA,NA,NA,NA,NA,NA,NA,1285.44168550621,1276.98066975849,1300,1298.45640543293,1261.05936920979,1276.98066975849,0,"Milano Cortina","Italy","Individual","02/17/2026","M"
"Andreas Ottesen","Andreas Ottesen",1976,"Norway",999,999,"False","False",NA,NA,NA,NA,NA,NA,NA,1281.6710918804,1275.79450812599,1300,1301.94722525892,1290.98701495849,1275.79450812599,0,"Milano Cortina","Italy","Individual","02/17/2026","M"
"Jan Andersen","Jan Andersen",1901,"Germany",999,999,"False","False",NA,NA,NA,NA,NA,NA,NA,1274.58616627554,1275.17019590911,1300,1283.1913858784,1259.13882444373,1275.17019590911,0,"Milano Cortina","Italy","Individual","02/17/2026","M"
"Maximillian Vorderegger","Maximillian Vorderegger",2442,"Austria",999,999,"False","False",NA,NA,NA,NA,NA,NA,NA,1275.71065639958,1273.16038284569,1300,1298.45640543293,1284.30233010117,1273.16038284569,0,"Milano Cortina","Italy","Individual","02/17/2026","M"
"Sverre Kumar Lundeby","Sverre Kumar Lundeby",2470,"Norway",999,999,"False","False",NA,NA,NA,NA,NA,NA,NA,1273.48401139568,1272.11352649,1300,1275.67270887552,1297.42351435992,1272.11352649,0,"Milano Cortina","Italy","Individual","02/17/2026","M"
"Henrik Elias Wikstrøm Hilmarsen","Henrik Elias Wikstrøm Hilmarsen",2406,"Norway",999,999,"False","False",NA,NA,NA,NA,NA,NA,NA,1272.26795593301,1271.44973813709,1264.85459604425,1275.67270887552,1282.59653313678,1271.44973813709,0,"Milano Cortina","Italy","Individual","02/17/2026","M"
"Luis Rauch","Luis Rauch",2499,"Austria",999,999,"False","False",NA,NA,NA,NA,NA,NA,NA,1261.93075392881,1271.26756703791,1300,1297.92491756881,1261.05936920979,1271.26756703791,0,"Milano Cortina","Italy","Individual","02/17/2026","M"
"Felix Brieden","Felix Brieden",2441,"Germany",999,999,"False","False",NA,NA,NA,NA,NA,NA,NA,1283.68042348876,1270.68289325192,1300,1295.92067658635,1311.06446559291,1270.68289325192,0,"Milano Cortina","Italy","Individual","02/17/2026","M"
"Pawel Szyndlar","Pawel Szyndlar",2384,"Poland",999,999,"False","False",NA,NA,NA,NA,NA,NA,NA,1253.81733963953,1270.46365714922,1300,1272.56767127082,1265.07061406985,1270.46365714922,0,"Milano Cortina","Italy","Individual","02/17/2026","M"
"Oleksandr Shovkoplias","Oleksandr Shovkoplias",2394,"Ukraine",999,999,"False","False",NA,NA,NA,NA,NA,NA,NA,1283.86991670921,1268.63423985599,1300,1295.92067658635,1263.26251197956,1268.63423985599,0,"Milano Cortina","Italy","Individual","02/17/2026","M"
"Mark Kreze","Mark Kreze",2486,"Slovenia",999,999,"False","False",NA,NA,NA,NA,NA,NA,NA,1275.09371197077,1267.08549606528,1300,1297.92491756881,1261.05936920979,1267.08549606528,0,"Milano Cortina","Italy","Individual","02/17/2026","M"
"Stefano Radovan","Stefano Radovan",1914,"Italy",999,999,"True","False",NA,NA,NA,NA,NA,NA,NA,1242.96795016257,1266.14966366491,1300,1277.78338960987,1270.16996875875,1266.14966366491,0,"Milano Cortina","Italy","Individual","02/17/2026","M"
"Lukas Dolezal","Lukas Dolezal",2060,"Czechia",999,999,"False","False",NA,NA,NA,NA,NA,NA,NA,1240.69644204383,1263.05319551307,1300,1278.61920761508,1255.94700762392,1263.05319551307,0,"Milano Cortina","Italy","Individual","02/17/2026","M"
"Jialei Wang","Jialei Wang",2515,"China",999,999,"False","False",NA,NA,NA,NA,NA,NA,NA,1262.87876565547,1262.70496948706,1264.85459604425,1275.67270887552,1279.8141771714,1262.70496948706,0,"Milano Cortina","Italy","Individual","02/17/2026","M"
"Oleksandr Kostreiuk","Oleksandr Kostreiuk",2542,"Ukraine",999,999,"False","False",NA,NA,NA,NA,NA,NA,NA,1227.80406461048,1259.25089753064,1264.85459604425,1275.67270887552,1275.50351025206,1259.25089753064,0,"Milano Cortina","Italy","Individual","02/17/2026","M"
"Peter Raisanen","Peter Raisanen",2398,"Finland",999,999,"False","False",NA,NA,NA,NA,NA,NA,NA,1241.58871936877,1258.66685072062,1300,1274.10176680889,1279.63467206988,1258.66685072062,0,"Milano Cortina","Italy","Individual","02/17/2026","M"
"Tristan Sommerfeldt","Tristan Sommerfeldt",1992,"Germany",999,999,"False","False",NA,NA,NA,NA,NA,NA,NA,1283.74026342486,1258.32192604812,1300,1248.88329990678,1301.66579125069,1258.32192604812,0,"Milano Cortina","Italy","Individual","02/17/2026","M"
"Christian Frank","Christian Frank",1776,"Germany",999,999,"False","False",NA,NA,NA,NA,NA,NA,NA,1260.22041472136,1256.23997974736,1300,1295.36131568686,1274.94897203709,1256.23997974736,0,"Milano Cortina","Italy","Individual","02/17/2026","M"
"Lovro Percl Serucnik","Lovro Percl Serucnik",2452,"Slovenia",999,999,"False","False",NA,NA,NA,NA,NA,NA,NA,1269.04216915434,1256.19639503142,1300,1297.92491756881,1261.05936920979,1256.19639503142,0,"Milano Cortina","Italy","Individual","02/17/2026","M"
"Raffaele Buzzi","Raffaele Buzzi",1103,"Italy",999,999,"True","False",NA,NA,NA,NA,NA,NA,NA,1184.24259680124,1255.49782204715,1264.85459604425,1223.18847640057,1197.9953839115,1255.49782204715,0,"Milano Cortina","Italy","Individual","02/17/2026","M"
"Maximilian Uhr","Maximilian Uhr",2425,"Germany",999,999,"False","False",NA,NA,NA,NA,NA,NA,NA,1248.94143021182,1255.46453597331,1300,1291.39452033849,1278.33707873846,1255.46453597331,0,"Milano Cortina","Italy","Individual","02/17/2026","M"
"Even Leinan Lund","Even Leinan Lund",2404,"Norway",999,999,"False","False",NA,NA,NA,NA,NA,NA,NA,1245.58098843865,1254.23485152526,1300,1282.80906965383,1283.76970777033,1254.23485152526,0,"Milano Cortina","Italy","Individual","02/17/2026","M"
"Otto Niittykoski","Otto Niittykoski",1347,"Finland",999,999,"False","False",NA,NA,NA,NA,NA,NA,NA,1229.09278409481,1254.08689028561,1300,1230.92207868768,1244.07801815719,1254.08689028561,0,"Milano Cortina","Italy","Individual","02/17/2026","M"
"Manuel Senoner","Manuel Senoner",2065,"Italy",999,999,"True","False",NA,NA,NA,NA,NA,NA,NA,1234.52370642398,1252.93926196899,1300,1278.11946592394,1268.17056156517,1252.93926196899,0,"Milano Cortina","Italy","Individual","02/17/2026","M"
"Ansgar Schupp","Ansgar Schupp",2427,"Germany",999,999,"False","False",NA,NA,NA,NA,NA,NA,NA,1263.79640713595,1252.46059827484,1300,1297.92491756881,1261.05936920979,1252.46059827484,0,"Milano Cortina","Italy","Individual","02/17/2026","M"
"Hugo Ackermann","Hugo Ackermann",2505,"Germany",999,999,"False","False",NA,NA,NA,NA,NA,NA,NA,1267.90044843031,1252.06763948488,1300,1299.46620140802,1261.05936920979,1252.06763948488,0,"Milano Cortina","Italy","Individual","02/17/2026","M"
"Kaisei Mori","Kaisei Mori",2422,"Japan",999,999,"False","False",NA,NA,NA,NA,NA,NA,NA,1228.29795095061,1249.239894356,1264.85459604425,1291.90297747131,1277.13423963692,1249.239894356,0,"Milano Cortina","Italy","Individual","02/17/2026","M"
"Benedikt Grabert","Benedikt Grabert",2318,"Germany",999,999,"False","False",NA,NA,NA,NA,NA,NA,NA,1262.03918625305,1248.16023854369,1264.85459604425,1287.55412452387,1279.54729902435,1248.16023854369,0,"Milano Cortina","Italy","Individual","02/17/2026","M"
"Jørgen Berget Storsveen","Jørgen Berget Storsveen",2419,"Norway",999,999,"False","False",NA,NA,NA,NA,NA,NA,NA,1271.04245000638,1246.29203891078,1300,1301.80906965383,1307.72566146585,1246.29203891078,0,"Milano Cortina","Italy","Individual","02/17/2026","M"
"Fred Gustavson","Fred Gustavson",2479,"Estonia",999,999,"False","False",NA,NA,NA,NA,NA,NA,NA,1217.96891291708,1245.55412735712,1264.85459604425,1276.61287472344,1249.12200762392,1245.55412735712,0,"Milano Cortina","Italy","Individual","02/17/2026","M"
"Aljaz Janhar","Aljaz Janhar",2423,"Slovenia",999,999,"False","False",NA,NA,NA,NA,NA,NA,NA,1259.44569473269,1242.28553013764,1300,1297.92491756881,1261.05936920979,1242.28553013764,0,"Milano Cortina","Italy","Individual","02/17/2026","M"
"Karel Pastarus","Karel Pastarus",2475,"Estonia",999,999,"False","False",NA,NA,NA,NA,NA,NA,NA,1209.44834545291,1240.08873356237,1264.85459604425,1274.61287472344,1244.57200762392,1240.08873356237,0,"Milano Cortina","Italy","Individual","02/17/2026","M"
"Takuya Nakazawa","Takuya Nakazawa",2389,"Japan",999,999,"False","False",NA,NA,NA,NA,NA,NA,NA,1247.594300218,1238.56808658187,1264.85459604425,1300.9963846927,1296.43910881683,1238.56808658187,0,"Milano Cortina","Italy","Individual","02/17/2026","M"
"Christian Deuschl","Christian Deuschl",1319,"Austria",999,999,"False","False",NA,NA,NA,NA,NA,NA,NA,1220.75616665337,1232.80250247311,1300,1256.87372379338,1265.71414659841,1232.80250247311,0,"Milano Cortina","Italy","Individual","02/17/2026","M"
"Marcus Kaariainen","Marcus Kaariainen",2517,"Finland",999,999,"False","False",NA,NA,NA,NA,NA,NA,NA,1233.9085893885,1232.35914014051,1264.85459604425,1275.67270887552,1284.7551633909,1232.35914014051,0,"Milano Cortina","Italy","Individual","02/17/2026","M"
"Lubin Martin","Lubin Martin",2407,"France",999,999,"False","False",NA,NA,NA,NA,NA,NA,NA,1260.76941864057,1230.83594261821,1300,1300.46525499046,1311.48368790839,1230.83594261821,0,"Milano Cortina","Italy","Individual","02/17/2026","M"
"Andrzej Waliczek","Andrzej Waliczek",2383,"Poland",999,999,"False","False",NA,NA,NA,NA,NA,NA,NA,1249.96673525473,1230.41583875985,1300,1299.46620140802,1284.26171097712,1230.41583875985,0,"Milano Cortina","Italy","Individual","02/17/2026","M"
"Vladyslav Dvoretskyi","Vladyslav Dvoretskyi",2469,"Ukraine",999,999,"False","False",NA,NA,NA,NA,NA,NA,NA,1242.15814524581,1227.42733321931,1264.85459604425,1298.45640543293,1292.43910881683,1227.42733321931,0,"Milano Cortina","Italy","Individual","02/17/2026","M"
"Erik Leiraamo","Erik Leiraamo",2472,"Norway",999,999,"False","False",NA,NA,NA,NA,NA,NA,NA,1245.93859940643,1227.18876377855,1300,1275.67270887552,1261.05936920979,1227.18876377855,0,"Milano Cortina","Italy","Individual","02/17/2026","M"
"Aapeli Karislahti","Aapeli Karislahti",2527,"Finland",999,999,"False","False",NA,NA,NA,NA,NA,NA,NA,1232.07424595283,1226.09884830419,1264.85459604425,1275.67270887552,1244.72715112537,1226.09884830419,0,"Milano Cortina","Italy","Individual","02/17/2026","M"
"Edgar Vallet","Edgar Vallet",1317,"France",999,999,"False","False",NA,NA,NA,NA,NA,NA,NA,1256.52545120744,1224.01111874766,1300,1275.75288155642,1253.03844295923,1224.01111874766,0,"Milano Cortina","Italy","Individual","02/17/2026","M"
"Lars Lobsiger","Lars Lobsiger",2453,"Switzerland",999,999,"False","False",NA,NA,NA,NA,NA,NA,NA,1225.9321510529,1221.14878828775,1300,1297.92491756881,1275.50351025206,1221.14878828775,0,"Milano Cortina","Italy","Individual","02/17/2026","M"
"Finn Kempf","Finn Kempf",2067,"Switzerland",999,999,"False","False",NA,NA,NA,NA,NA,NA,NA,1253.22446233673,1220.22329836917,1300,1290.39444596711,1260.46638739962,1220.22329836917,0,"Milano Cortina","Italy","Individual","02/17/2026","M"
"Marcel Dickhaut","Marcel Dickhaut",2503,"Germany",999,999,"False","False",NA,NA,NA,NA,NA,NA,NA,1247.31771309443,1219.78272832118,1264.85459604425,1297.92491756881,1261.05936920979,1219.78272832118,0,"Milano Cortina","Italy","Individual","02/17/2026","M"
"Eemeli Kurttila","Eemeli Kurttila",2455,"Finland",999,999,"False","False",NA,NA,NA,NA,NA,NA,NA,1196.15479738367,1219.25718221857,1264.85459604425,1276.11061636641,1219.09085858702,1219.25718221857,0,"Milano Cortina","Italy","Individual","02/17/2026","M"
"Tom Rochat","Tom Rochat",1987,"France",999,999,"False","False",NA,NA,NA,NA,NA,NA,NA,1236.90272148294,1218.18935862964,1300,1280.58183639702,1289.28701495849,1218.18935862964,0,"Milano Cortina","Italy","Individual","02/17/2026","M"
"Jachym Hrdina","Jachym Hrdina",2430,"Czechia",999,999,"False","False",NA,NA,NA,NA,NA,NA,NA,1247.54240345735,1217.97664781331,1300,1299.54627119682,1261.05936920979,1217.97664781331,0,"Milano Cortina","Italy","Individual","02/17/2026","M"
"Herman Happonen","Herman Happonen",2346,"Finland",999,999,"False","False",NA,NA,NA,NA,NA,NA,NA,1180.97526461538,1216.39106340011,1300,1201.93359843689,1231.49258122217,1216.39106340011,0,"Milano Cortina","Italy","Individual","02/17/2026","M"
"Illia Chebolda","Illia Chebolda",2434,"Ukraine",999,999,"False","False",NA,NA,NA,NA,NA,NA,NA,1193.95822844523,1214.60578117454,1300,1299.46620140802,1261.05936920979,1214.60578117454,0,"Milano Cortina","Italy","Individual","02/17/2026","M"
"Ingmar Wikstrøm Hilmarsen","Ingmar Wikstrøm Hilmarsen",2543,"Norway",999,999,"False","False",NA,NA,NA,NA,NA,NA,NA,1248.87588883037,1214.41618002165,1264.85459604425,1275.67270887552,1261.05936920979,1214.41618002165,0,"Milano Cortina","Italy","Individual","02/17/2026","M"
"Taiki Chiba","Taiki Chiba",2541,"Japan",999,999,"False","False",NA,NA,NA,NA,NA,NA,NA,1227.80804594382,1214.12558873612,1264.85459604425,1275.67270887552,1284.60351025206,1214.12558873612,0,"Milano Cortina","Italy","Individual","02/17/2026","M"
"Max Friedberger","Max Friedberger",2459,"Germany",999,999,"False","False",NA,NA,NA,NA,NA,NA,NA,1243.02590404464,1212.97200755611,1264.85459604425,1297.92491756881,1261.05936920979,1212.97200755611,0,"Milano Cortina","Italy","Individual","02/17/2026","M"
"Noe Kempf","Noe Kempf",2450,"Switzerland",999,999,"False","False",NA,NA,NA,NA,NA,NA,NA,1223.38025358088,1210.66280260842,1300,1297.92491756881,1284.60351025206,1210.66280260842,0,"Milano Cortina","Italy","Individual","02/17/2026","M"
"Harald Martin Øihaugen","Harald Martin Øihaugen",2366,"Norway",999,999,"False","False",NA,NA,NA,NA,NA,NA,NA,1227.35493019825,1210.35380014494,1300,1275.67270887552,1302.80351025206,1210.35380014494,0,"Milano Cortina","Italy","Individual","02/17/2026","M"
"Julian Kleimeier","Julian Kleimeier",2440,"Germany",999,999,"False","False",NA,NA,NA,NA,NA,NA,NA,1233.58551116267,1206.72318051403,1300,1297.92491756881,1292.60852774266,1206.72318051403,0,"Milano Cortina","Italy","Individual","02/17/2026","M"
"Arne Hohlfeld","Arne Hohlfeld",2460,"Germany",999,999,"False","False",NA,NA,NA,NA,NA,NA,NA,1219.88882417067,1205.8149212532,1300,1299.46620140802,1279.75233010117,1205.8149212532,0,"Milano Cortina","Italy","Individual","02/17/2026","M"
"Kyotaro Yamazaki","Kyotaro Yamazaki",2418,"Japan",999,999,"False","False",NA,NA,NA,NA,NA,NA,NA,1198.42588087555,1205.2138930525,1264.85459604425,1262.02959586932,1261.65235101997,1205.2138930525,0,"Milano Cortina","Italy","Individual","02/17/2026","M"
"Henry Johnstone","Henry Johnstone",1432,"USA",999,999,"False","False",NA,NA,NA,NA,NA,NA,NA,1207.06189959035,1203.18026378679,1264.85459604425,1250.01466019437,1269.05645777479,1203.18026378679,0,"Milano Cortina","Italy","Individual","02/17/2026","M"
"Alvin Le","Alvin Le",2539,"Norway",999,999,"False","False",NA,NA,NA,NA,NA,NA,NA,1242.91534215759,1202.89294626506,1264.85459604425,1275.67270887552,1297.95233010117,1202.89294626506,0,"Milano Cortina","Italy","Individual","02/17/2026","M"
"Maximilian Slamik","Maximilian Slamik",2328,"Austria",999,999,"False","False",NA,NA,NA,NA,NA,NA,NA,1190.73196293751,1202.20648004427,1300,1297.92491756881,1294.43910881683,1202.20648004427,0,"Milano Cortina","Italy","Individual","02/17/2026","M"
"Bryan Venturini","Bryan Venturini",2072,"Italy",999,999,"True","False",NA,NA,NA,NA,NA,NA,NA,1196.08597579731,1201.37166869361,1300,1275.67270887552,1261.05936920979,1201.37166869361,0,"Milano Cortina","Italy","Individual","02/17/2026","M"
"Yoshito Watabe","Yoshito Watabe",32,"Japan",999,999,"False","False",NA,NA,NA,NA,NA,NA,NA,1197.31693435719,1199.06354959206,1289.15895966853,1262.27409261395,1173.88008091095,1199.06354959206,0,"Milano Cortina","Italy","Individual","02/17/2026","M"
"Jens Dahlseide Kvamme","Jens Dahlseide Kvamme",2364,"Norway",999,999,"False","False",NA,NA,NA,NA,NA,NA,NA,1259.47455696962,1194.16799749098,1300,1308.04640093769,1268.85820158777,1194.16799749098,0,"Milano Cortina","Italy","Individual","02/17/2026","M"
"Sean Steenbakkers","Sean Steenbakkers",2424,"Netherlands",999,999,"False","False",NA,NA,NA,NA,NA,NA,NA,1237.94937239596,1193.79849888218,1300,1297.92491756881,1276.26818656432,1193.79849888218,0,"Milano Cortina","Italy","Individual","02/17/2026","M"
"Maksym Prokopiuk","Maksym Prokopiuk",2393,"Ukraine",999,999,"False","False",NA,NA,NA,NA,NA,NA,NA,1196.59096880667,1193.17359772682,1300,1297.92491756881,1277.77851025206,1193.17359772682,0,"Milano Cortina","Italy","Individual","02/17/2026","M"
"Johannes Steiner","Johannes Steiner",2338,"Austria",999,999,"False","False",NA,NA,NA,NA,NA,NA,NA,1202.59912448784,1191.35496946932,1300,1294.39474436234,1276.11180608605,1191.35496946932,0,"Milano Cortina","Italy","Individual","02/17/2026","M"
"Jere Kukkonen","Jere Kukkonen",2538,"Finland",999,999,"False","False",NA,NA,NA,NA,NA,NA,NA,1196.90082673001,1190.07434555609,1264.85459604425,1275.67270887552,1267.05797103961,1190.07434555609,0,"Milano Cortina","Italy","Individual","02/17/2026","M"
"David Liegl","David Liegl",2329,"Austria",999,999,"False","False",NA,NA,NA,NA,NA,NA,NA,1219.12351052191,1185.68264856407,1300,1299.4608302117,1293.76120326828,1185.68264856407,0,"Milano Cortina","Italy","Individual","02/17/2026","M"
"Andrzej Szczechowicz","Andrzej Szczechowicz",1473,"Poland",999,999,"False","False",NA,NA,NA,NA,NA,NA,NA,1186.47638540019,1184.93858936051,1300,1301.17221728553,1273.82215801424,1184.93858936051,0,"Milano Cortina","Italy","Individual","02/17/2026","M"
"Gael Blondeau","Gael Blondeau",1485,"France",999,999,"False","False",NA,NA,NA,NA,NA,NA,NA,1238.35742454381,1182.70623146174,1300,1244.67948099742,1316.86321137285,1182.70623146174,0,"Milano Cortina","Italy","Individual","02/17/2026","M"
"Stephen Schumann","Stephen Schumann",1237,"USA",999,999,"False","False",NA,NA,NA,NA,NA,NA,NA,1222.67985382045,1180.44607739764,1264.85459604425,1216.61897478063,1294.59920268429,1180.44607739764,0,"Milano Cortina","Italy","Individual","02/17/2026","M"
"Urban Zajec","Urban Zajec",2063,"Slovenia",999,999,"False","False",NA,NA,NA,NA,NA,NA,NA,1173.24771372861,1178.30827063278,1300,1297.92491756881,1258.33979436972,1178.30827063278,0,"Milano Cortina","Italy","Individual","02/17/2026","M"
"Kenji Grossegger","Kenji Grossegger",2457,"Austria",999,999,"False","False",NA,NA,NA,NA,NA,NA,NA,1204.85419368837,1177.26553878892,1300,1297.92491756881,1284.60351025206,1177.26553878892,0,"Milano Cortina","Italy","Individual","02/17/2026","M"
"Arthur Tirone","Arthur Tirone",2474,"USA",999,999,"False","False",NA,NA,NA,NA,NA,NA,NA,1222.88795340974,1175.73737999554,1264.85459604425,1275.67270887552,1261.05936920979,1175.73737999554,0,"Milano Cortina","Italy","Individual","02/17/2026","M"
"Jonas Fischbauer","Jonas Fischbauer",2342,"Austria",999,999,"False","False",NA,NA,NA,NA,NA,NA,NA,1261.71989263199,1173.81951404081,1300,1250.030476304,1275.24129555466,1173.81951404081,0,"Milano Cortina","Italy","Individual","02/17/2026","M"
"Lukáš Daněk","Lukáš Daněk",1142,"Czechia",999,999,"False","False",NA,NA,NA,NA,NA,NA,NA,1151.19167255976,1171.02298361854,1264.85459604425,1202.43968999929,1258.22200762392,1171.02298361854,0,"Milano Cortina","Italy","Individual","02/17/2026","M"
"Valtteri Holopainen","Valtteri Holopainen",2397,"Finland",999,999,"False","False",NA,NA,NA,NA,NA,NA,NA,1163.61223837847,1169.94626110036,1300,1277.11504114517,1222.06418095688,1169.94626110036,0,"Milano Cortina","Italy","Individual","02/17/2026","M"
"Anze Brecl","Anze Brecl",2458,"Slovenia",999,999,"False","False",NA,NA,NA,NA,NA,NA,NA,1209.78744479369,1167.00417558654,1300,1298.45640543293,1261.05936920979,1167.00417558654,0,"Milano Cortina","Italy","Individual","02/17/2026","M"
"Shogo Azegami","Shogo Azegami",2307,"Japan",999,999,"False","False",NA,NA,NA,NA,NA,NA,NA,1134.04720704091,1165.3329032168,1300,1220.03098452201,1203.77929477155,1165.3329032168,0,"Milano Cortina","Italy","Individual","02/17/2026","M"
"Lucas Mach","Lucas Mach",2020,"Germany",999,999,"False","False",NA,NA,NA,NA,NA,NA,NA,1163.98393332437,1165.01627427185,1300,1283.0352069991,1277.028589368,1165.01627427185,0,"Milano Cortina","Italy","Individual","02/17/2026","M"
"Mikolaj Wantulok","Mikolaj Wantulok",2446,"Poland",999,999,"False","False",NA,NA,NA,NA,NA,NA,NA,1213.36851753521,1162.14901912181,1300,1299.46620140802,1261.05936920979,1162.14901912181,0,"Milano Cortina","Italy","Individual","02/17/2026","M"
"Ronen Woods","Ronen Woods",2528,"USA",999,999,"False","False",NA,NA,NA,NA,NA,NA,NA,1180.71754213633,1161.54537779084,1264.85459604425,1275.67270887552,1267.05797103961,1161.54537779084,0,"Milano Cortina","Italy","Individual","02/17/2026","M"
"Erazem Stanonik","Erazem Stanonik",1994,"Slovenia",999,999,"False","False",NA,NA,NA,NA,NA,NA,NA,1144.41508816102,1154.63842124253,1264.85459604425,1226.16282070382,1235.3164155619,1154.63842124253,0,"Milano Cortina","Italy","Individual","02/17/2026","M"
"Pascal Müller","Pascal Müller",1475,"Switzerland",999,999,"False","False",NA,NA,NA,NA,NA,NA,NA,1119.00560346679,1154.45964060494,1300,1202.23228736548,1157.79199391685,1154.45964060494,0,"Milano Cortina","Italy","Individual","02/17/2026","M"
"Markus Maaninka","Markus Maaninka",2516,"Finland",999,999,"False","False",NA,NA,NA,NA,NA,NA,NA,1169.9802830666,1152.33659914526,1264.85459604425,1275.67270887552,1270.28375634927,1152.33659914526,0,"Milano Cortina","Italy","Individual","02/17/2026","M"
"Jakub Cieslar","Jakub Cieslar",2382,"Poland",999,999,"False","False",NA,NA,NA,NA,NA,NA,NA,1204.80262540238,1152.15737337782,1300,1299.46620140802,1261.05936920979,1152.15737337782,0,"Milano Cortina","Italy","Individual","02/17/2026","M"
"Rostyslav Kirashchuk","Rostyslav Kirashchuk",2462,"Ukraine",999,999,"False","False",NA,NA,NA,NA,NA,NA,NA,1178.888629489,1146.48075850562,1300,1297.92491756881,1282.33217309099,1146.48075850562,0,"Milano Cortina","Italy","Individual","02/17/2026","M"
"Albin Stenzel","Albin Stenzel",2311,"Germany",999,999,"False","False",NA,NA,NA,NA,NA,NA,NA,1157.81429667444,1142.31769864821,1300,1289.30739673462,1278.15223010603,1142.31769864821,0,"Milano Cortina","Italy","Individual","02/17/2026","M"
"Kodai Kimura","Kodai Kimura",1459,"Japan",999,999,"False","False",NA,NA,NA,NA,NA,NA,NA,1132.53123672638,1142.16625089887,1264.85459604425,1179.49882944654,1246.54313705016,1142.16625089887,0,"Milano Cortina","Italy","Individual","02/17/2026","M"
"Wancheng Cai","Wancheng Cai",2316,"China",999,999,"False","False",NA,NA,NA,NA,NA,NA,NA,1158.28050467832,1131.88869686998,1264.85459604425,1275.67270887552,1261.05936920979,1131.88869686998,0,"Milano Cortina","Italy","Individual","02/17/2026","M"
"Carter Brubaker","Carter Brubaker",1788,"USA",999,999,"False","False",NA,NA,NA,NA,NA,NA,NA,1117.95459471321,1122.73712276324,1300,1235.45321241189,1234.61828025937,1122.73712276324,0,"Milano Cortina","Italy","Individual","02/17/2026","M"
"Matic Garbajs","Matic Garbajs",1996,"Slovenia",999,999,"False","False",NA,NA,NA,NA,NA,NA,NA,1151.62319303675,1118.17177436117,1264.85459604425,1273.85365476187,1244.67343359774,1118.17177436117,0,"Milano Cortina","Italy","Individual","02/17/2026","M"
"Grzegorz Mitrega","Grzegorz Mitrega",2387,"Poland",999,999,"False","False",NA,NA,NA,NA,NA,NA,NA,1118.33516380471,1111.92542992712,1264.85459604425,1291.90297747131,1250.22228002308,1111.92542992712,0,"Milano Cortina","Italy","Individual","02/17/2026","M"
"Erik Lynch","Erik Lynch",372,"USA",999,999,"False","False",NA,NA,NA,NA,NA,NA,NA,1122.24967942494,1108.25522416948,1300,1219.4825174378,1216.57665791326,1108.25522416948,0,"Milano Cortina","Italy","Individual","02/17/2026","M"
"Iacopo Bortolas","Iacopo Bortolas",1768,"Italy",999,999,"True","False",NA,NA,NA,NA,NA,NA,NA,1109.29569420693,1096.58226323537,1264.85459604425,1226.83228126481,1175.33059378227,1096.58226323537,0,"Milano Cortina","Italy","Individual","02/17/2026","M"
"Yuya Yamamoto","Yuya Yamamoto",2308,"Japan",999,999,"False","False",NA,NA,NA,NA,NA,NA,NA,1099.00191681577,1092.38736983317,1264.85459604425,1217.63911778443,1196.04362893306,1092.38736983317,0,"Milano Cortina","Italy","Individual","02/17/2026","M"
"Lilian Treand","Lilian Treand",2054,"France",999,999,"False","False",NA,NA,NA,NA,NA,NA,NA,1131.27010505971,1092.25278003264,1300,1295.39481958166,1271.08437558455,1092.25278003264,0,"Milano Cortina","Italy","Individual","02/17/2026","M"
"Radim Sudek","Radim Sudek",2023,"Czechia",999,999,"False","False",NA,NA,NA,NA,NA,NA,NA,1083.42752626683,1072.67949910038,1264.85459604425,1282.03078222034,1238.72780826757,1072.67949910038,0,"Milano Cortina","Italy","Individual","02/17/2026","M"
"Nico Zarucchi","Nico Zarucchi",1916,"Switzerland",999,999,"False","False",NA,NA,NA,NA,NA,NA,NA,1067.56645268349,1068.66308470757,1300,1291.90297747131,1215.1181600589,1068.66308470757,0,"Milano Cortina","Italy","Individual","02/17/2026","M"
"Eros Consolati","Eros Consolati",2068,"Italy",999,999,"True","False",NA,NA,NA,NA,NA,NA,NA,1077.84344916937,1068.51405716271,1300,1291.90297747131,1246.01580056584,1068.51405716271,0,"Milano Cortina","Italy","Individual","02/17/2026","M"
"Matias Aarna","Matias Aarna",2540,"Estonia",999,999,"False","False",NA,NA,NA,NA,NA,NA,NA,1137.48617434092,1057.17924364651,1264.85459604425,1275.67270887552,1261.05936920979,1057.17924364651,0,"Milano Cortina","Italy","Individual","02/17/2026","M"
"Domenico Mariotti","Domenico Mariotti",1471,"Italy",999,999,"True","False",NA,NA,NA,NA,NA,NA,NA,1043.79897655839,1022.05324662134,1300,1186.25297132738,1175.07046474997,1022.05324662134,0,"Milano Cortina","Italy","Individual","02/17/2026","M"
"Gunnar Gilbertson","Gunnar Gilbertson",1709,"USA",999,999,"False","False",NA,NA,NA,NA,NA,NA,NA,1034.69381074103,1018.74786179955,1300,1267.95930429906,1232.9843629448,1018.74786179955,0,"Milano Cortina","Italy","Individual","02/17/2026","M"
